index,patch_name,parent_id,complete_model_name,pred_x,pred_y,pred_z,gt_x,gt_y,gt_z,error_mm
0,Scissors_001_patch_00000,001,bigpointcloud_001.ply,0.01140027679502964,0.0008444529958069324,0.008093251846730709,0.011015912517905235,0.00048183207400143147,0.007035045884549618,1.1828058632090688
1,Scissors_001_patch_00001,001,bigpointcloud_001.ply,0.011466528289020061,0.0008556228713132441,0.00818454846739769,0.008190479129552841,-0.0005309134721755981,0.004173871595412493,5.361017771065235
2,Scissors_001_patch_00002,001,bigpointcloud_001.ply,0.011392598040401936,0.000852514524012804,0.008097052574157715,0.012983657419681549,-0.0006856817053630948,0.008893315680325031,2.351925242692232
3,Scissors_001_patch_00003,001,bigpointcloud_001.ply,0.011421408504247665,0.0008442781982012093,0.008122663013637066,0.011242317967116833,-0.0005752896540798247,0.006652526557445526,2.0514745265245438
4,Scissors_001_patch_00004,001,bigpointcloud_001.ply,0.011443018913269043,0.0008451737812720239,0.00812777690589428,0.006685328669846058,2.685411527636461e-05,0.003090369515120983,6.977158132940531
5,Scissors_001_patch_00005,001,bigpointcloud_001.ply,0.011396347545087337,0.0008564713643863797,0.00809246301651001,0.011925093829631805,0.0012142281047999859,0.00866796262562275,0.8595128310844302
6,Scissors_001_patch_00006,001,bigpointcloud_001.ply,0.011409055441617966,0.0008577920962125063,0.008106463588774204,0.014509878121316433,-0.0002151728403987363,0.012401806190609932,5.405212752521038
7,Scissors_001_patch_00007,001,bigpointcloud_001.ply,0.011443047784268856,0.0008552452782168984,0.00814888533204794,0.011841988191008568,-0.0002615993143990636,0.007588147185742855,1.311839441768825
8,Scissors_001_patch_00008,001,bigpointcloud_001.ply,0.011380596086382866,0.00083865353371948,0.008089713752269745,0.01447074580937624,-0.00022637897927779704,0.011661623604595661,4.8416792415082455
9,Scissors_001_patch_00009,001,bigpointcloud_001.ply,0.01144452579319477,0.000839425134472549,0.00815586093813181,0.008482597768306732,-0.00012295524356886744,0.004340381361544132,4.925147630274296
10,Scissors_001_patch_00010,001,bigpointcloud_001.ply,0.011402279138565063,0.0008553314255550504,0.008109263144433498,0.010640972293913364,-0.0007150454330258071,0.006111521273851395,2.652667462825775
11,Scissors_001_patch_00011,001,bigpointcloud_001.ply,0.011386673897504807,0.0008297453750856221,0.008089171722531319,0.005089356563985348,0.00032440555514767766,0.002348527079448104,8.53619258850813
12,Scissors_001_patch_00012,001,bigpointcloud_001.ply,0.011423344723880291,0.0008700325852259994,0.008108983747661114,0.008882164023816586,0.0010458555771037936,0.00473740603774786,4.225641954690218
13,Scissors_001_patch_00013,001,bigpointcloud_001.ply,0.011403261683881283,0.0008464969578199089,0.00809828657656908,0.01420406624674797,0.0010064305970445275,0.012790696695446968,5.467064678668976
14,Scissors_001_patch_00014,001,bigpointcloud_001.ply,0.011425942182540894,0.0008278427412733436,0.008134164847433567,0.012875295244157314,0.00028921416378580034,0.009099232032895088,1.8226627726107836
15,Scissors_001_patch_00015,001,bigpointcloud_001.ply,0.0114216273650527,0.0008486730512231588,0.008124078623950481,0.012588168494403362,-3.704709524754435e-05,0.009673213586211205,2.131932880729437
16,Scissors_001_patch_00016,001,bigpointcloud_001.ply,0.011398482136428356,0.000827776500955224,0.008094804361462593,0.015561114065349102,-0.00046272590407170355,0.01503237709403038,8.192851208150387
17,Scissors_001_patch_00017,001,bigpointcloud_001.ply,0.011417660862207413,0.0008502466371282935,0.008075938560068607,0.009804579429328442,0.0006909894291311502,0.005387625657021999,3.1391752418130636
18,Scissors_001_patch_00018,001,bigpointcloud_001.ply,0.011466220021247864,0.0008493379573337734,0.008188437670469284,0.013431085273623466,-0.0001564261910971254,0.009525647386908531,2.5807723868638277
19,Scissors_001_patch_00019,001,bigpointcloud_001.ply,0.011395457200706005,0.0008398450445383787,0.008105010725557804,0.013999288901686668,0.000799846719019115,0.010944148525595665,3.85256321169436
20,Scissors_001_patch_00020,001,bigpointcloud_001.ply,0.011412420310080051,0.000826475559733808,0.008152027614414692,0.011805100366473198,0.0012366403825581074,0.008366167545318604,0.6068679504096508
21,Scissors_001_patch_00021,001,bigpointcloud_001.ply,0.011411083862185478,0.0008440490928478539,0.008103309199213982,0.014349463395774364,0.0005483725108206272,0.013019044883549213,5.734628066420555
22,Scissors_001_patch_00022,001,bigpointcloud_001.ply,0.011425976641476154,0.000835222308523953,0.008149508386850357,0.015531287528574467,0.0001671838399488479,0.01488245464861393,7.914064452052116
23,Scissors_001_patch_00023,001,bigpointcloud_001.ply,0.011433470994234085,0.0008569383062422276,0.008144373074173927,0.012206211686134338,0.0006346634472720325,0.007877334952354431,0.8472565677948296
24,Scissors_001_patch_00024,001,bigpointcloud_001.ply,0.011403176933526993,0.0008301096968352795,0.008127898909151554,0.014138001948595047,0.0002616155834402889,0.011072229593992233,4.058514256030321
25,Scissors_001_patch_00025,001,bigpointcloud_001.ply,0.011474231258034706,0.000822015106678009,0.008200570940971375,0.014546971768140793,-0.00016040998161770403,0.012468929402530193,5.350306164473295
26,Scissors_001_patch_00026,001,bigpointcloud_001.ply,0.011465397663414478,0.0008332209545187652,0.008195444010198116,0.012586497701704502,0.0003987688396591693,0.00867296289652586,1.2936916900798678
27,Scissors_001_patch_00027,001,bigpointcloud_001.ply,0.011430978775024414,0.0008535797242075205,0.008109144866466522,0.011827397160232067,5.738668915000744e-05,0.00798430759459734,0.8981398423202336
28,Scissors_001_patch_00028,001,bigpointcloud_001.ply,0.01145126298069954,0.0008438201039098203,0.00817124918103218,0.007847031578421593,-0.00019891785632353276,0.0038975963834673166,5.686993710696697
29,Scissors_001_patch_00029,001,bigpointcloud_001.ply,0.01138492114841938,0.0008505597361363471,0.0080986013635993,0.012411326169967651,-0.00018953371909447014,0.008187971077859402,1.46399752702564
30,Scissors_001_patch_00030,001,bigpointcloud_001.ply,0.011431635357439518,0.0008365351241081953,0.008124731481075287,0.008317348547279835,0.0008206423954106867,0.004167791455984116,5.035514943301678
31,Scissors_001_patch_00031,001,bigpointcloud_001.ply,0.011455530300736427,0.000839538115542382,0.008173306472599506,0.007529316004365683,-0.00037811623769812286,0.003612689906731248,6.139793898910284
32,Scissors_001_patch_00032,001,bigpointcloud_001.ply,0.011412345804274082,0.0008585450705140829,0.008121095597743988,0.014344677329063416,0.0006836287211626768,0.011473151855170727,4.4570667669177055
33,Scissors_001_patch_00033,001,bigpointcloud_001.ply,0.011444127187132835,0.0008547044708393514,0.008121873252093792,0.010602666065096855,0.0007620493997819722,0.006647385656833649,1.700222142972052
34,Scissors_001_patch_00034,001,bigpointcloud_001.ply,0.011394859291613102,0.0008226836798712611,0.008123265579342842,0.011510022915899754,-3.928727892343886e-05,0.0070749493315815926,1.3620659010484815
35,Scissors_001_patch_00035,001,bigpointcloud_001.ply,0.01142014842480421,0.0008212003158405423,0.008133860304951668,0.012202879413962364,-0.0007344583282247186,0.008552753366529942,1.7911485629156232
36,Scissors_001_patch_00036,001,bigpointcloud_001.ply,0.011381636373698711,0.0008467434090562165,0.008086063899099827,0.01407826691865921,0.0007673395448364317,0.011573933064937592,4.409461747854948
37,Scissors_001_patch_00037,001,bigpointcloud_001.ply,0.011410312727093697,0.0008225779747590423,0.008116734214127064,0.015074776485562325,-0.00023496335779782385,0.01337259542196989,6.493902299553156
38,Scissors_001_patch_00038,001,bigpointcloud_001.ply,0.011412874795496464,0.0008365120738744736,0.00810929574072361,0.01356993243098259,0.0007223677239380777,0.010481796227395535,3.208533162251115
39,Scissors_001_patch_00039,001,bigpointcloud_001.ply,0.01146164070814848,0.0008513296488672495,0.008173471316695213,0.01200117263942957,-0.00010841005860129371,0.007758447900414467,1.1766221141442657
40,Scissors_001_patch_00040,001,bigpointcloud_001.ply,0.011435400694608688,0.0008563830051571131,0.008134990930557251,0.009300661273300648,-7.574407936772332e-05,0.00499786576256156,3.907368518412113
41,Scissors_001_patch_00041,001,bigpointcloud_001.ply,0.011414499022066593,0.0008343277731910348,0.008096527308225632,0.012599393725395203,0.0003579472249839455,0.008571311831474304,1.3624735875055194
42,Scissors_001_patch_00042,001,bigpointcloud_001.ply,0.011421933770179749,0.0008513798820786178,0.008123681880533695,0.014745155349373817,0.00040790362982079387,0.012387078255414963,5.423746071755886
43,Scissors_001_patch_00043,001,bigpointcloud_001.ply,0.01142588909715414,0.0008575167739763856,0.008128966204822063,0.009955017827451229,-0.00018436132813803852,0.00553858932107687,3.1557921320199966
44,Scissors_001_patch_00044,001,bigpointcloud_001.ply,0.011394284665584564,0.0008241900941357017,0.008114953525364399,0.012839799746870995,0.0008483006968162954,0.009287167340517044,1.8612308194860816
45,Scissors_001_patch_00045,001,bigpointcloud_001.ply,0.011426999233663082,0.0008353577577508986,0.008146674372255802,0.011976824142038822,0.0005177066195756197,0.008423405699431896,0.6926686619408429
46,Scissors_001_patch_00046,001,bigpointcloud_001.ply,0.011412912048399448,0.0008540055714547634,0.008111019618809223,0.011871100403368473,-7.498994818888605e-05,0.007650100626051426,1.1337617179378867
47,Scissors_001_patch_00047,001,bigpointcloud_001.ply,0.011414090171456337,0.0008409256115555763,0.008114280179142952,0.008308866061270237,-0.0006094522541388869,0.00423702085390687,5.174857564270496
48,Scissors_001_patch_00048,001,bigpointcloud_001.ply,0.011436238884925842,0.0008486423175781965,0.00814888533204794,0.010640124790370464,0.0006096444558352232,0.006295102648437023,2.0316073205322027
49,Scissors_001_patch_00049,001,bigpointcloud_001.ply,0.011409993283450603,0.0008379052160307765,0.00812598504126072,0.013104310259222984,-0.00020232092356309295,0.010187393054366112,2.8639454394578934
50,Scissors_002_patch_00000,002,bigpointcloud_002.ply,0.011507688090205193,0.0008306833915412426,0.008233999833464622,0.009850885719060898,-1.5293026933704823e-07,0.007208768278360367,2.1181083284318447
51,Scissors_002_patch_00001,002,bigpointcloud_002.ply,0.011496723629534245,0.0008390352595597506,0.008223825134336948,0.009636779315769672,1.5515994164161384e-05,0.006954325828701258,2.397750038653612
52,Scissors_002_patch_00002,002,bigpointcloud_002.ply,0.011455747298896313,0.00082110904622823,0.008180774748325348,0.010141558013856411,0.0007810491370037198,0.00694813160225749,1.8022506264969707
53,Scissors_002_patch_00003,002,bigpointcloud_002.ply,0.011489290744066238,0.0008342444780282676,0.00821793545037508,0.012978757731616497,0.0008468324667774141,0.011320995166897774,3.442041575908661
54,Scissors_002_patch_00004,002,bigpointcloud_002.ply,0.011450493708252907,0.0008370830910280347,0.008197913877665997,0.011362546123564243,-7.70885671954602e-05,0.008924758993089199,1.1712166015058756
55,Scissors_002_patch_00005,002,bigpointcloud_002.ply,0.011426763609051704,0.0008343347581103444,0.008183269761502743,0.009876645170152187,0.0001354598207399249,0.007446405477821827,1.8531762761995196
56,Scissors_002_patch_00006,002,bigpointcloud_002.ply,0.011494150385260582,0.0008375964825972915,0.008211979642510414,0.007607446517795324,0.00011835740588139743,0.004626485053449869,5.336622707545757
57,Scissors_002_patch_00007,002,bigpointcloud_002.ply,0.011471398174762726,0.0008243708871304989,0.008200420066714287,0.009230833500623703,0.0003841149155050516,0.007467059418559074,2.398285549134016
58,Scissors_002_patch_00008,002,bigpointcloud_002.ply,0.01149736251682043,0.000823073205538094,0.00822455994784832,0.0102772181853652,0.000790935184340924,0.007542749401181936,1.39808829408139
59,Scissors_002_patch_00009,002,bigpointcloud_002.ply,0.011451915837824345,0.0008472030749544501,0.008193631656467915,0.012921306304633617,0.0006335254875011742,0.01121542789041996,3.366900375112891
60,Scissors_002_patch_00010,002,bigpointcloud_002.ply,0.011461219750344753,0.0008336479077115655,0.008187897503376007,0.010098429396748543,0.0014979603001847863,0.007090977393090725,1.8712942255660892
61,Scissors_002_patch_00011,002,bigpointcloud_002.ply,0.011503916233778,0.0008391680894419551,0.008236829191446304,0.0023842845112085342,-0.00011588953930186108,0.0024410062469542027,10.847643949091434
62,Scissors_002_patch_00012,002,bigpointcloud_002.ply,0.011472963728010654,0.0008391598239541054,0.008222654461860657,0.009821479208767414,0.0004738449933938682,0.007479255553334951,1.8475654069334269
63,Scissors_002_patch_00013,002,bigpointcloud_002.ply,0.011478365398943424,0.0008391211158595979,0.008243421092629433,0.0025783453602343798,0.0013436508597806096,0.002303204732015729,10.712193325161934
64,Scissors_002_patch_00014,002,bigpointcloud_002.ply,0.011520268395543098,0.0008391471346840262,0.008262516930699348,0.011758950538933277,0.00113037193659693,0.008998946286737919,0.8271089754998684
65,Scissors_002_patch_00015,002,bigpointcloud_002.ply,0.01149091124534607,0.0008270799880847335,0.008224664255976677,0.013691237196326256,0.00020936556393280625,0.014142552390694618,6.343848071992397
66,Scissors_002_patch_00016,002,bigpointcloud_002.ply,0.011485038325190544,0.0008520839037373662,0.00818553101271391,0.011956529691815376,0.0008621620945632458,0.010531160980463028,2.3925688583403826
67,Scissors_002_patch_00017,002,bigpointcloud_002.ply,0.011486213654279709,0.0008412408642470837,0.008210455067455769,0.011217554099857807,0.0010012844577431679,0.007794690318405628,0.5202424945309758
68,Scissors_002_patch_00018,002,bigpointcloud_002.ply,0.01147124171257019,0.0008319780463352799,0.008204943500459194,0.008686904795467854,0.0012362590059638023,0.005723446141928434,3.751506796106696
69,Scissors_002_patch_00019,002,bigpointcloud_002.ply,0.011491270735859871,0.000819817534647882,0.00823685061186552,0.011721166782081127,0.0006881752633489668,0.008748292922973633,0.5759818595834076
70,Scissors_002_patch_00020,002,bigpointcloud_002.ply,0.01149148028343916,0.0008387432899326086,0.008237429894506931,0.0046143620274960995,0.0009210240095853806,0.0029206445906311274,8.693085052073002
71,Scissors_002_patch_00021,002,bigpointcloud_002.ply,0.011494086124002934,0.0008367878035642207,0.008223096840083599,0.012171315029263496,0.001531002577394247,0.009162679314613342,1.3503290247172117
72,Scissors_002_patch_00022,002,bigpointcloud_002.ply,0.011464369483292103,0.0008381754159927368,0.008184751495718956,0.010886015370488167,0.001543935271911323,0.008192294277250767,0.9124951320700347
73,Scissors_002_patch_00023,002,bigpointcloud_002.ply,0.011444958858191967,0.0008315140730701387,0.00816718302667141,0.012054512277245522,-0.00017627565830480307,0.01122688315808773,3.2785607036203146
74,Scissors_002_patch_00024,002,bigpointcloud_002.ply,0.01145766768604517,0.0008289230754598975,0.008185065351426601,0.013303500600159168,0.00011025546700693667,0.013386780396103859,5.566095933318138
75,Scissors_002_patch_00025,002,bigpointcloud_002.ply,0.011499264277517796,0.000832703779451549,0.008227581158280373,0.004577418323606253,0.001165301539003849,0.0030358301009982824,8.658917620778084
76,Scissors_002_patch_00026,002,bigpointcloud_002.ply,0.011444796808063984,0.0008346941322088242,0.008187728933990002,0.005887224338948727,0.00020706080249510705,0.0034776951652020216,7.311973255127668
77,Scissors_002_patch_00027,002,bigpointcloud_002.ply,0.011449824087321758,0.0008286951924674213,0.008202126249670982,0.00993999931961298,0.0006170925917103887,0.006361777428537607,2.389817964285612
78,Scissors_002_patch_00028,002,bigpointcloud_002.ply,0.01148937363177538,0.0008258961606770754,0.008227482438087463,0.014078166335821152,-0.0001787819346645847,0.013681813143193722,6.120535079389811
79,Scissors_002_patch_00029,002,bigpointcloud_002.ply,0.011491856537759304,0.0008283625938929617,0.008210946805775166,0.013675602152943611,0.0010334951803088188,0.013866445980966091,6.065928842872381
80,Scissors_002_patch_00030,002,bigpointcloud_002.ply,0.011487815529108047,0.0008150442154146731,0.008237813599407673,0.011589204892516136,0.000723052304238081,0.008962839841842651,0.7378382724709809
81,Scissors_002_patch_00031,002,bigpointcloud_002.ply,0.011455693282186985,0.0008445988642051816,0.008190236985683441,0.01095616351813078,0.0014705713838338852,0.009156718850135803,1.2551727704703808
82,Scissors_002_patch_00032,002,bigpointcloud_002.ply,0.011470876634120941,0.0008280674810521305,0.008221909403800964,0.006656029261648655,0.0002487790188752115,0.004218541085720062,6.2885042279958725
83,Scissors_002_patch_00033,002,bigpointcloud_002.ply,0.011476949788630009,0.0008438390213996172,0.008208436891436577,0.00996197946369648,0.001568555599078536,0.006970692425966263,2.0862312521785498
84,Scissors_002_patch_00034,002,bigpointcloud_002.ply,0.011508537456393242,0.0008324015652760863,0.008238492533564568,0.003644219134002924,0.0001585427817190066,0.0026532418560236692,9.669365361332893
85,Scissors_002_patch_00035,002,bigpointcloud_002.ply,0.011477618478238583,0.0008240029565058649,0.008226009085774422,0.011091827414929867,0.0004626257868949324,0.008483548648655415,0.5880091921426356
86,Scissors_002_patch_00036,002,bigpointcloud_002.ply,0.011523745954036713,0.0008569465717300773,0.008266359567642212,0.012265746481716633,0.0002490500046405941,0.010910586453974247,2.812834456562996
87,Scissors_002_patch_00037,002,bigpointcloud_002.ply,0.011493286117911339,0.000841058325022459,0.008218616247177124,0.010972593910992146,0.00012836007226724178,0.0078995106741786,0.938556098844856
88,Scissors_002_patch_00038,002,bigpointcloud_002.ply,0.011488261632621288,0.0008332062279805541,0.008204764686524868,0.011610651388764381,0.0009953055996447802,0.009363919496536255,1.1768157128244638
89,Scissors_002_patch_00039,002,bigpointcloud_002.ply,0.011500061489641666,0.0008359807543456554,0.008234736509621143,0.014091696590185165,-0.00035275338450446725,0.015317224897444248,7.63487396761775
90,Scissors_002_patch_00040,002,bigpointcloud_002.ply,0.011492501944303513,0.0008262217743322253,0.008225219324231148,0.010655920952558517,-6.386097084032372e-05,0.007811710704118013,1.2896141270175576
91,Scissors_002_patch_00041,002,bigpointcloud_002.ply,0.011460035108029842,0.000839562329929322,0.008197431452572346,0.0103602958843112,-9.805466106627136e-05,0.008236654102802277,1.44571450073272
92,Scissors_002_patch_00042,002,bigpointcloud_002.ply,0.011462238617241383,0.0008432698668912053,0.008212141692638397,0.015097366645932198,0.0002923279826063663,0.01770769990980625,10.182500816881657
93,Scissors_002_patch_00043,002,bigpointcloud_002.ply,0.011493801139295101,0.000836110208183527,0.008208505809307098,0.008288864977657795,0.0013118140632286668,0.005327658727765083,4.3355729430913925
94,Scissors_002_patch_00044,002,bigpointcloud_002.ply,0.011454684659838676,0.000831322162412107,0.008201583288609982,0.005312626250088215,0.00031479832250624895,0.0031239823438227177,7.985844276845455
95,Scissors_002_patch_00045,002,bigpointcloud_002.ply,0.011468742974102497,0.0008274634601548314,0.008195046335458755,0.009078766219317913,0.0007936224574223161,0.005704828072339296,3.4517126623541117
96,Scissors_002_patch_00046,002,bigpointcloud_002.ply,0.011475691571831703,0.000827986397780478,0.008223005570471287,0.012993457727134228,0.0004633128992281854,0.013049745000898838,5.0728702917695045
97,Scissors_002_patch_00047,002,bigpointcloud_002.ply,0.011510033160448074,0.0008606312912888825,0.00821993313729763,0.008719896897673607,0.0012286388082429767,0.005604887381196022,3.841712372377515
98,Scissors_002_patch_00048,002,bigpointcloud_002.ply,0.01148486789315939,0.0008336984319612384,0.008213086053729057,0.005298202857375145,-1.7089836546801962e-05,0.0031528400722891092,8.037708699703217
99,Scissors_002_patch_00049,002,bigpointcloud_002.ply,0.011484519578516483,0.0008278394234366715,0.008213714696466923,0.014122449792921543,0.0010302842129021883,0.015269676223397255,7.535665296018124
100,Scissors_003_patch_00000,003,bigpointcloud_003.ply,0.011496893130242825,0.000849346979521215,0.008221082389354706,0.014083602465689182,0.0016572254244238138,0.010410903953015804,3.484114073216915
101,Scissors_003_patch_00001,003,bigpointcloud_003.ply,0.011450217105448246,0.00084222003351897,0.00816975999623537,0.013183152303099632,0.0013890891568735242,0.00898368563503027,1.9911315757781267
102,Scissors_003_patch_00002,003,bigpointcloud_003.ply,0.011447313241660595,0.0008432315080426633,0.008174211718142033,0.012286252342164516,0.001248536049388349,0.008086885325610638,0.9357972885482013
103,Scissors_003_patch_00003,003,bigpointcloud_003.ply,0.011503724381327629,0.0008537925314158201,0.008216442540287971,0.013665793463587761,0.0014007394202053547,0.009840232320129871,2.7586929500102997
104,Scissors_003_patch_00004,003,bigpointcloud_003.ply,0.011474508792161942,0.0008518922841176391,0.008170907385647297,0.014478705823421478,0.0015881294384598732,0.01084708422422409,4.09013032913208
105,Scissors_003_patch_00005,003,bigpointcloud_003.ply,0.011456682346761227,0.00083785445895046,0.008191103115677834,0.014466220512986183,0.001466187764890492,0.011457896791398525,4.485985264182091
106,Scissors_003_patch_00006,003,bigpointcloud_003.ply,0.011440975591540337,0.0008345712558366358,0.008165893144905567,0.016402773559093475,0.00020875787595286965,0.015714170411229134,9.0546989813447
107,Scissors_003_patch_00007,003,bigpointcloud_003.ply,0.011453702114522457,0.000848605646751821,0.008165781386196613,0.006340164225548506,0.0007764673791825771,0.003099898574873805,7.198377512395382
108,Scissors_003_patch_00008,003,bigpointcloud_003.ply,0.011489138007164001,0.000839244807139039,0.008189731277525425,0.012855010107159615,0.0009256941266357899,0.00897500291466713,1.577888266183436
109,Scissors_003_patch_00009,003,bigpointcloud_003.ply,0.011473390273749828,0.0008378910715691745,0.008184274658560753,0.00799350906163454,0.0005430205492302775,0.004096007905900478,5.376843735575676
110,Scissors_003_patch_00010,003,bigpointcloud_003.ply,0.01144656166434288,0.0008595992112532258,0.008147984743118286,0.014254171401262283,0.00012713338946923614,0.011224210262298584,4.228751640766859
111,Scissors_003_patch_00011,003,bigpointcloud_003.ply,0.011435565538704395,0.0008490836480632424,0.008144599385559559,0.011290344409644604,0.0009827857138589025,0.006986985914409161,1.1743229115381837
112,Scissors_003_patch_00012,003,bigpointcloud_003.ply,0.011498276144266129,0.0008284721989184618,0.008248717524111271,0.014036494307219982,0.0006927382783032954,0.010633702389895916,3.4855599515140057
113,Scissors_003_patch_00013,003,bigpointcloud_003.ply,0.011464081704616547,0.0008502589189447463,0.008165755309164524,0.012077380903065205,0.0011034891940653324,0.007915341295301914,0.7092028390616179
114,Scissors_003_patch_00014,003,bigpointcloud_003.ply,0.01142633892595768,0.000835958868265152,0.008143177255988121,0.014541522599756718,0.0010445824591442943,0.01250919047743082,5.367491394281387
115,Scissors_003_patch_00015,003,bigpointcloud_003.ply,0.011470905505120754,0.0008646459318697453,0.008182198740541935,0.016804873943328857,0.0011530299670994282,0.017285769805312157,10.555064305663109
116,Scissors_003_patch_00016,003,bigpointcloud_003.ply,0.011397824622690678,0.0008398002246394753,0.008113780990242958,0.013210966251790524,-0.0001991048047784716,0.009989581070840359,2.8081010095775127
117,Scissors_003_patch_00017,003,bigpointcloud_003.ply,0.011425694450736046,0.0008263771305792034,0.00816088356077671,0.01584473066031933,-0.0002835662744473666,0.01539679616689682,8.550923317670822
118,Scissors_003_patch_00018,003,bigpointcloud_003.ply,0.011448297649621964,0.0008550694910809398,0.008154390379786491,0.011783907189965248,0.0010365353664383292,0.007434797938913107,0.8144795428961515
119,Scissors_003_patch_00019,003,bigpointcloud_003.ply,0.0114413658156991,0.0008275507716462016,0.008164586499333382,0.009092604741454124,-3.7551639252342284e-05,0.005089080426841974,3.965327050536871
120,Scissors_003_patch_00020,003,bigpointcloud_003.ply,0.011434259824454784,0.0008461205288767815,0.008135905489325523,0.01099351979792118,0.0015181486960500479,0.00665538664907217,1.684579998254776
121,Scissors_003_patch_00021,003,bigpointcloud_003.ply,0.011433854699134827,0.0008436865173280239,0.008150564506649971,0.005943327210843563,0.0009042242891155183,0.0031179392244666815,7.448279764503241
122,Scissors_003_patch_00022,003,bigpointcloud_003.ply,0.011406989768147469,0.0008394873002544045,0.008121873252093792,0.013784289360046387,0.0008099607657641172,0.01102512888610363,3.7525082007050514
123,Scissors_003_patch_00023,003,bigpointcloud_003.ply,0.01144371647387743,0.0008578451815992594,0.008142462000250816,0.0104110362008214,1.3312917872099206e-05,0.006296789273619652,2.2773167584091425
124,Scissors_003_patch_00024,003,bigpointcloud_003.ply,0.01149270310997963,0.0008402459206990898,0.00822371430695057,0.008511422201991081,0.0013292955700308084,0.004468657076358795,4.819508176296949
125,Scissors_003_patch_00025,003,bigpointcloud_003.ply,0.011472786776721478,0.000843054847791791,0.008188346400856972,0.008977367542684078,0.0006065271445550025,0.004276929423213005,4.645669367164373
126,Scissors_003_patch_00026,003,bigpointcloud_003.ply,0.011470415629446507,0.0008440304081887007,0.008170501329004765,0.013540445826947689,0.00018870663188863546,0.01017100177705288,2.9523679986596107
127,Scissors_003_patch_00027,003,bigpointcloud_003.ply,0.011434746906161308,0.0008384230313822627,0.008134587667882442,0.014680664986371994,0.0008831616141833365,0.012228434905409813,5.2247075363993645
128,Scissors_003_patch_00028,003,bigpointcloud_003.ply,0.011472170241177082,0.0008418998913839459,0.008183891884982586,0.015950337052345276,0.0006613660370931029,0.014333820901811123,7.609743624925613
129,Scissors_003_patch_00029,003,bigpointcloud_003.ply,0.011448684148490429,0.0008178746793419123,0.008190389722585678,0.010192065499722958,9.456447878619656e-05,0.0060544745065271854,2.5815502740442753
130,Scissors_003_patch_00030,003,bigpointcloud_003.ply,0.011446204967796803,0.000846971059218049,0.008151493966579437,0.014163869433104992,0.0012304858537390828,0.010980541817843914,3.941610921174288
131,Scissors_003_patch_00031,003,bigpointcloud_003.ply,0.01146990992128849,0.0008605130715295672,0.008177478797733784,0.0068565476685762405,-0.00013672694331035018,0.0035740796010941267,6.593093276023865
132,Scissors_003_patch_00032,003,bigpointcloud_003.ply,0.011432778090238571,0.0008459346718154848,0.008123110048472881,0.015803776681423187,4.110672193746723e-07,0.014558952301740646,7.8256381675601006
133,Scissors_003_patch_00033,003,bigpointcloud_003.ply,0.011409522034227848,0.000822977744974196,0.008143944665789604,0.014760192483663559,0.0013847614172846079,0.011471353471279144,4.755443427711725
134,Scissors_003_patch_00034,003,bigpointcloud_003.ply,0.011448848061263561,0.0008597094565629959,0.008166621439158916,0.014246242120862007,0.000355427066097036,0.011892801150679588,4.686590284109116
135,Scissors_003_patch_00035,003,bigpointcloud_003.ply,0.011431439779698849,0.0008373446762561798,0.008169034495949745,0.01160268485546112,0.0009794363286346197,0.007242897525429726,0.9524938650429249
136,Scissors_003_patch_00036,003,bigpointcloud_003.ply,0.01141347922384739,0.0008163457387126982,0.008148504421114922,0.008813412860035896,0.0003665526455733925,0.004920679144561291,4.169114399701357
137,Scissors_003_patch_00037,003,bigpointcloud_003.ply,0.011452563107013702,0.0008344685193151236,0.008180180564522743,0.012122008949518204,0.00041410239646211267,0.008011391386389732,0.8083038846962154
138,Scissors_003_patch_00038,003,bigpointcloud_003.ply,0.011456804350018501,0.0008297166787087917,0.008177039213478565,0.011529200710356236,0.001468211063183844,0.007249980233609676,1.1279870523139834
139,Scissors_003_patch_00039,003,bigpointcloud_003.ply,0.01143851038068533,0.0008273543789982796,0.008157292380928993,0.01700536347925663,0.000472951156552881,0.018291756510734558,11.568181216716766
140,Scissors_003_patch_00040,003,bigpointcloud_003.ply,0.011441152542829514,0.0008462630212306976,0.008166748099029064,0.009795935824513435,0.00043718094821088016,0.005648366641253233,3.035841276869178
141,Scissors_003_patch_00041,003,bigpointcloud_003.ply,0.011458870954811573,0.0008372404845431447,0.008177444338798523,0.012897872366011143,0.0009831205243244767,0.008954976685345173,1.6421213513240218
142,Scissors_003_patch_00042,003,bigpointcloud_003.ply,0.011495276354253292,0.0008432100294157863,0.00823291763663292,0.014331354759633541,0.001604909310117364,0.010435200296342373,3.6706370301544666
143,Scissors_003_patch_00043,003,bigpointcloud_003.ply,0.011428805999457836,0.0008436307543888688,0.008146597072482109,0.01582270860671997,-0.0001862046483438462,0.014499849639832973,7.792994379997253
144,Scissors_003_patch_00044,003,bigpointcloud_003.ply,0.011450102552771568,0.000833578291349113,0.008158578537404537,0.012622987851500511,3.7514237192226574e-05,0.008752585388720036,1.5369522152468562
145,Scissors_003_patch_00045,003,bigpointcloud_003.ply,0.011476692743599415,0.0008516880916431546,0.00818592868745327,0.00762817170470953,0.0009200139902532101,0.003644565586000681,5.953130312263966
146,Scissors_003_patch_00046,003,bigpointcloud_003.ply,0.01141450461000204,0.0008393015014007688,0.008155733346939087,0.00788984913378954,0.00012575858272612095,0.004065999761223793,5.44593995437026
147,Scissors_003_patch_00047,003,bigpointcloud_003.ply,0.011493856087327003,0.0008367601549252868,0.008195459842681885,0.011200246401131153,0.0009067471255548298,0.006729826331138611,1.496391138061881
148,Scissors_003_patch_00048,003,bigpointcloud_003.ply,0.011472080834209919,0.0008325937669724226,0.008184874430298805,0.01362554356455803,0.00035385292721912265,0.01081380806863308,3.4318924881517887
149,Scissors_003_patch_00049,003,bigpointcloud_003.ply,0.011440787464380264,0.0008357834303751588,0.008141694590449333,0.016850393265485764,0.00034268011222593486,0.017926955595612526,11.19188591837883
150,Scissors_004_patch_00000,004,bigpointcloud_004.ply,0.011405356228351593,0.0008091683266684413,0.00816364586353302,0.015320109203457832,-0.0006646606489084661,0.01402998249977827,7.204954512417316
151,Scissors_004_patch_00001,004,bigpointcloud_004.ply,0.011435572989284992,0.0008536341483704746,0.008167829364538193,0.012185376137495041,0.0006457811687141657,0.00827726349234581,0.785737531259656
152,Scissors_004_patch_00002,004,bigpointcloud_004.ply,0.01144584733992815,0.0008591129444539547,0.008175305090844631,0.009129882790148258,-0.0002935786033049226,0.004855217877775431,4.208962898701429
153,Scissors_004_patch_00003,004,bigpointcloud_004.ply,0.011413502506911755,0.0008560793357901275,0.008154242299497128,0.006125503219664097,-0.00014607049524784088,0.0027593900449573994,7.620477117598057
154,Scissors_004_patch_00004,004,bigpointcloud_004.ply,0.011421902105212212,0.0008335501188412309,0.00814455933868885,0.01412272173911333,-0.0005011255852878094,0.01140325702726841,4.437893163412809
155,Scissors_004_patch_00005,004,bigpointcloud_004.ply,0.011441103182733059,0.0008231240790337324,0.008195488713681698,0.010595321655273438,0.00019934716692660004,0.006229721009731293,2.229055156931281
156,Scissors_004_patch_00006,004,bigpointcloud_004.ply,0.011375274509191513,0.0008250680984929204,0.008126161992549896,0.01119956187903881,-0.0009162014466710389,0.0070468345656991005,2.0561718847602606
157,Scissors_004_patch_00007,004,bigpointcloud_004.ply,0.011421063914895058,0.0008287447271868587,0.008196203969419003,0.011028800159692764,-0.0003105767536908388,0.006724062375724316,1.902399817481637
158,Scissors_004_patch_00008,004,bigpointcloud_004.ply,0.011431766673922539,0.0008478768868371844,0.008160803467035294,0.011038080789148808,-0.00030856195371598005,0.0067362491972744465,1.876617781817913
159,Scissors_004_patch_00009,004,bigpointcloud_004.ply,0.01144662406295538,0.0008353874436579645,0.008186029270291328,0.0130326421931386,0.0008990271599031985,0.009491043165326118,2.054888056591153
160,Scissors_004_patch_00010,004,bigpointcloud_004.ply,0.011440064758062363,0.0008464424172416329,0.008150569163262844,0.015296731144189835,8.476441144011915e-05,0.013941077515482903,6.998858414590359
161,Scissors_004_patch_00011,004,bigpointcloud_004.ply,0.011389384977519512,0.0008280257461592555,0.0081184646114707,0.010232346132397652,0.00032886030385270715,0.005798897705972195,2.639753045514226
162,Scissors_004_patch_00012,004,bigpointcloud_004.ply,0.011431382037699223,0.000848598254378885,0.008163287304341793,0.013659165240824223,0.0005998432752676308,0.010509812273085117,3.2451620791107416
163,Scissors_004_patch_00013,004,bigpointcloud_004.ply,0.011395939625799656,0.0008319585467688739,0.008136221207678318,0.011585045605897903,-0.000207763267098926,0.007588283624500036,1.1903856648132205
164,Scissors_004_patch_00014,004,bigpointcloud_004.ply,0.01143499743193388,0.0008563149604015052,0.008152887225151062,0.01339961588382721,-0.0001383942289976403,0.009897075593471527,2.8091573622077703
165,Scissors_004_patch_00015,004,bigpointcloud_004.ply,0.011425856500864029,0.0008319700136780739,0.008148577995598316,0.013422545045614243,-0.0008626714698038995,0.010081065818667412,3.2547018490731716
166,Scissors_004_patch_00016,004,bigpointcloud_004.ply,0.011374909430742264,0.0008092888165265322,0.008095239289104939,0.00998407881706953,-1.666600292082876e-05,0.00560729019343853,2.9675750993192196
167,Scissors_004_patch_00017,004,bigpointcloud_004.ply,0.01142821554094553,0.0008436955977231264,0.008136010728776455,0.0066327499225735664,-0.00027328848955221474,0.0030425386503338814,7.084320764988661
168,Scissors_004_patch_00018,004,bigpointcloud_004.ply,0.011456487700343132,0.0008483121055178344,0.008174004964530468,0.013025757856667042,0.00027992596733383834,0.00919732078909874,1.957765780389309
169,Scissors_004_patch_00019,004,bigpointcloud_004.ply,0.011410006321966648,0.0008257289882749319,0.008142068050801754,0.008557725697755814,0.00067018938716501,0.004463702440261841,4.65726014226675
170,Scissors_004_patch_00020,004,bigpointcloud_004.ply,0.01147033553570509,0.0008392580784857273,0.008186142891645432,0.0130491117015481,-0.000545225222595036,0.00945749320089817,2.454721834510565
171,Scissors_004_patch_00021,004,bigpointcloud_004.ply,0.011422617360949516,0.0008419908117502928,0.008154293522238731,0.014613870531320572,0.0005986607866361737,0.012492842972278595,5.391318816691637
172,Scissors_004_patch_00022,004,bigpointcloud_004.ply,0.011475359089672565,0.0008510981569997966,0.008208218961954117,0.007569399196654558,-0.0007704372983425856,0.0036598548758774996,6.210758350789547
173,Scissors_004_patch_00023,004,bigpointcloud_004.ply,0.011417917907238007,0.0008360232459381223,0.008168941363692284,0.010394582524895668,-0.0003126222873106599,0.005966018419712782,2.686907537281513
174,Scissors_004_patch_00024,004,bigpointcloud_004.ply,0.011467395350337029,0.0008600165601819754,0.00818695779889822,0.013654997572302818,0.00015213647566270083,0.010453014634549618,3.2282674219459295
175,Scissors_004_patch_00025,004,bigpointcloud_004.ply,0.011485300958156586,0.0008382715750485659,0.008213140070438385,0.012372461147606373,-3.6360368540044874e-05,0.008469336666166782,1.271876972168684
176,Scissors_004_patch_00026,004,bigpointcloud_004.ply,0.011459394358098507,0.0008583765011280775,0.00818986352533102,0.011615170165896416,0.00042087744805030525,0.007513134740293026,0.8207517093978822
177,Scissors_004_patch_00027,004,bigpointcloud_004.ply,0.011426251381635666,0.0008577710250392556,0.008158979006111622,0.013880257494747639,-0.0002506982709746808,0.010908959433436394,3.8487976416945457
178,Scissors_004_patch_00028,004,bigpointcloud_004.ply,0.011451825499534607,0.0008432869799435139,0.00819188728928566,0.006275440100580454,0.0004759964649565518,0.0028543672524392605,7.444392889738083
179,Scissors_004_patch_00029,004,bigpointcloud_004.ply,0.011464215815067291,0.0008476516231894493,0.00817433837801218,0.010646345093846321,-0.0006477668648585677,0.00629751943051815,2.5352786760777235
180,Scissors_004_patch_00030,004,bigpointcloud_004.ply,0.011414755135774612,0.0008423461113125086,0.008131597191095352,0.008365039713680744,0.0006021253648214042,0.004309322685003281,4.895738326013088
181,Scissors_004_patch_00031,004,bigpointcloud_004.ply,0.011454598046839237,0.0008415040792897344,0.008181312121450901,0.010268895886838436,-0.00015704163524787873,0.005840600468218327,2.807474695146084
182,Scissors_004_patch_00032,004,bigpointcloud_004.ply,0.011455993168056011,0.0008384248940274119,0.008179880678653717,0.008569980040192604,-0.00018144442583434284,0.004487287253141403,4.796295426785946
183,Scissors_004_patch_00033,004,bigpointcloud_004.ply,0.011453676037490368,0.0008265143842436373,0.00818627793341875,0.009083785116672516,0.00011666593491099775,0.004875909071415663,4.132651723921299
184,Scissors_004_patch_00034,004,bigpointcloud_004.ply,0.011420229449868202,0.0008225268684327602,0.008161387406289577,0.005829123314470053,-0.0006964521599002182,0.0026721644680947065,7.981186732649803
185,Scissors_004_patch_00035,004,bigpointcloud_004.ply,0.011441601440310478,0.0008204890764318407,0.008178315125405788,0.014966036193072796,7.767685019643977e-05,0.013195209205150604,6.175972521305084
186,Scissors_004_patch_00036,004,bigpointcloud_004.ply,0.011391302570700645,0.0008376663899980485,0.008123628795146942,0.013676544651389122,-0.0009505724883638322,0.01055739726871252,3.7872628308832645
187,Scissors_004_patch_00037,004,bigpointcloud_004.ply,0.01141373347491026,0.0008214046247303486,0.008139444515109062,0.009447230026125908,-0.0006049895309843123,0.005140604916960001,3.8593749050050974
188,Scissors_004_patch_00038,004,bigpointcloud_004.ply,0.011440638452768326,0.0008496463997289538,0.00815347395837307,0.010171661153435707,5.576313924393617e-06,0.005745174363255501,2.850028919056058
189,Scissors_004_patch_00039,004,bigpointcloud_004.ply,0.011423553340137005,0.0008442779653705657,0.008142240345478058,0.012772377580404282,-0.00044343547779135406,0.009044853039085865,2.071772702038288
190,Scissors_004_patch_00040,004,bigpointcloud_004.ply,0.011463032104074955,0.0008236670400947332,0.008215789683163166,0.012315929867327213,-1.7065460269805044e-05,0.008319184184074402,1.2020632857456803
191,Scissors_004_patch_00041,004,bigpointcloud_004.ply,0.01137327030301094,0.0008254786371253431,0.008086143061518669,0.01050490327179432,3.2505828130524606e-05,0.006099488586187363,2.3086064029484987
192,Scissors_004_patch_00042,004,bigpointcloud_004.ply,0.011422745883464813,0.0008432744070887566,0.008143484592437744,0.010369446128606796,-7.629075116710737e-05,0.005991959013044834,2.565950620919466
193,Scissors_004_patch_00043,004,bigpointcloud_004.ply,0.011446169577538967,0.0008428612491115928,0.008192770183086395,0.013510939665138721,0.00012973247794434428,0.010187782347202301,2.958361292257905
194,Scissors_004_patch_00044,004,bigpointcloud_004.ply,0.011418156325817108,0.0008216788992285728,0.008161935023963451,0.01208434533327818,-9.604044316802174e-05,0.00806800089776516,1.1379104107618332
195,Scissors_004_patch_00045,004,bigpointcloud_004.ply,0.011416105553507805,0.0008187947096303105,0.008163044229149818,0.014295034110546112,-0.0009609378175809979,0.0117808748036623,4.954228177666664
196,Scissors_004_patch_00046,004,bigpointcloud_004.ply,0.011431104503571987,0.000847799819894135,0.00816018134355545,0.007810464594513178,-0.0009069604566320777,0.003897684160619974,5.861493293195963
197,Scissors_004_patch_00047,004,bigpointcloud_004.ply,0.011463078670203686,0.0008197688730433583,0.008192983455955982,0.0073685902170836926,0.0006238025380298495,0.00356181338429451,6.1847371980547905
198,Scissors_004_patch_00048,004,bigpointcloud_004.ply,0.011431973427534103,0.0008336747996509075,0.008154626004397869,0.01051105372607708,-0.000175422421307303,0.006135133560746908,2.4381796829402447
199,Scissors_004_patch_00049,004,bigpointcloud_004.ply,0.01143491268157959,0.000827526964712888,0.008168652653694153,0.004057865124195814,0.000748349295463413,0.001832031412050128,9.725217707455158
200,Scissors_005_patch_00000,005,bigpointcloud_005.ply,0.011387791484594345,0.000828846707008779,0.008109470829367638,0.013936995528638363,0.0003307694278191775,0.01115440484136343,4.002267494797707
201,Scissors_005_patch_00001,005,bigpointcloud_005.ply,0.011440365575253963,0.0008401861414313316,0.008164712227880955,0.006757387425750494,-0.0012127018999308348,0.0032170487102121115,7.115054875612259
202,Scissors_005_patch_00002,005,bigpointcloud_005.ply,0.011410939507186413,0.0008371353032998741,0.008086882531642914,0.010789080522954464,-0.0007453445577993989,0.006407911889255047,2.389538334682584
203,Scissors_005_patch_00003,005,bigpointcloud_005.ply,0.011419348418712616,0.0008433802868239582,0.008158734068274498,0.010584239847958088,-0.0008304103976115584,0.006181302480399609,2.7219876646995544
204,Scissors_005_patch_00004,005,bigpointcloud_005.ply,0.011454395949840546,0.0008361521176993847,0.008172695524990559,0.006934246513992548,-0.000600702129304409,0.0032323298510164022,6.848613731563091
205,Scissors_005_patch_00005,005,bigpointcloud_005.ply,0.011436074040830135,0.0008222898468375206,0.008156534284353256,0.013728148303925991,-0.0007449348922818899,0.010773580521345139,3.8155901711434126
206,Scissors_005_patch_00006,005,bigpointcloud_005.ply,0.01141498051583767,0.0008472093613818288,0.008140121586620808,0.007744498085230589,0.00025599420769140124,0.0037682587280869484,5.738916341215372
207,Scissors_005_patch_00007,005,bigpointcloud_005.ply,0.0114787882193923,0.0008523293654434383,0.00818176195025444,0.005443168804049492,-0.00018867754261009395,0.0024116600397974253,8.414658717811108
208,Scissors_005_patch_00008,005,bigpointcloud_005.ply,0.011421245522797108,0.000834475620649755,0.00814072135835886,0.01572006195783615,-2.2277341486187652e-05,0.016671977937221527,9.591463953256607
209,Scissors_005_patch_00009,005,bigpointcloud_005.ply,0.011379817500710487,0.0008199153235182166,0.008117688819766045,0.010441144928336143,-0.0008624960901215672,0.006174929905682802,2.7360422536730766
210,Scissors_005_patch_00010,005,bigpointcloud_005.ply,0.011378023773431778,0.0008362261578440666,0.008108844980597496,0.01271713338792324,-0.0010918015614151955,0.009012122638523579,2.515236847102642
211,Scissors_005_patch_00011,005,bigpointcloud_005.ply,0.011452260427176952,0.0008248955709859729,0.008179030381143093,0.012497914023697376,0.0004745085316244513,0.008710723370313644,1.2242794036865234
212,Scissors_005_patch_00012,005,bigpointcloud_005.ply,0.011447092518210411,0.0008601497393101454,0.008158107288181782,0.015569658949971199,-0.0012616784079000354,0.015690043568611145,8.844646625220776
213,Scissors_005_patch_00013,005,bigpointcloud_005.ply,0.011414369568228722,0.0008373521268367767,0.008139357902109623,0.013592087663710117,-0.001011681742966175,0.010436533950269222,3.6658423487097025
214,Scissors_005_patch_00014,005,bigpointcloud_005.ply,0.01142117753624916,0.0008349909912794828,0.008128865621984005,0.01532860565930605,-0.0012359673855826259,0.015048516914248466,8.212090469896793
215,Scissors_005_patch_00015,005,bigpointcloud_005.ply,0.011446480639278889,0.0008323559304699302,0.008115974254906178,0.013646858744323254,-0.00046276315697468817,0.010504283010959625,3.4961430355906487
216,Scissors_005_patch_00016,005,bigpointcloud_005.ply,0.011462139897048473,0.0008347353432327509,0.008160047233104706,0.008394972421228886,-3.8040705021558097e-06,0.004183700308203697,5.091365426778793
217,Scissors_005_patch_00017,005,bigpointcloud_005.ply,0.011444992385804653,0.000831674668006599,0.00814919825643301,0.014412094838917255,6.728503649355844e-06,0.012119549326598644,5.024730693548918
218,Scissors_005_patch_00018,005,bigpointcloud_005.ply,0.011396202258765697,0.0008370427531190217,0.008103870786726475,0.009802849031984806,-0.0009795974474400282,0.005366363562643528,3.6514245439320803
219,Scissors_005_patch_00019,005,bigpointcloud_005.ply,0.011372862383723259,0.0008175192633643746,0.008108474314212799,0.009215504862368107,-0.0005767385591752827,0.004820099100470543,4.172715824097395
220,Scissors_005_patch_00020,005,bigpointcloud_005.ply,0.011405637487769127,0.0008279263274744153,0.008118635974824429,0.012030128389596939,-0.00010565701813902706,0.007738225627690554,1.185866305604577
221,Scissors_005_patch_00021,005,bigpointcloud_005.ply,0.011438863351941109,0.0008409065194427967,0.008147304877638817,0.01324401330202818,0.0003228192508686334,0.00997919961810112,2.6235126424580812
222,Scissors_005_patch_00022,005,bigpointcloud_005.ply,0.011400017887353897,0.0008389221038669348,0.00810116808861494,0.009477225132286549,-0.0006051614182069898,0.005098681431263685,3.8467433769255877
223,Scissors_005_patch_00023,005,bigpointcloud_005.ply,0.011463671922683716,0.0008587574120610952,0.008157368749380112,0.012913384474813938,-0.00032822677167132497,0.009213009849190712,2.150575863197446
224,Scissors_005_patch_00024,005,bigpointcloud_005.ply,0.011400386691093445,0.0008280697511509061,0.008117680437862873,0.012433872558176517,-0.0002675857685972005,0.008361618034541607,1.5257979976013303
225,Scissors_005_patch_00025,005,bigpointcloud_005.ply,0.011457839980721474,0.0008357004262506962,0.008177376352250576,0.014894002117216587,-0.0006083889165893197,0.01337362453341484,6.394810508936644
226,Scissors_005_patch_00026,005,bigpointcloud_005.ply,0.011439034715294838,0.0008469359017908573,0.008152859285473824,0.01049147266894579,-0.0010487765539437532,0.006144101731479168,2.9200525023043156
227,Scissors_005_patch_00027,005,bigpointcloud_005.ply,0.011412549763917923,0.0008211546228267252,0.008126168511807919,0.00868026353418827,-0.0008382097585126758,0.004452118184417486,4.870064090937376
228,Scissors_005_patch_00028,005,bigpointcloud_005.ply,0.011408629827201366,0.0008211135282181203,0.00813719816505909,0.005391966551542282,-0.000635545642580837,0.0024211611598730087,8.425863459706306
229,Scissors_005_patch_00029,005,bigpointcloud_005.ply,0.011411605402827263,0.0008219844894483685,0.00814690999686718,0.010182204656302929,-3.8673457311233506e-05,0.005714979022741318,2.8576995246112347
230,Scissors_005_patch_00030,005,bigpointcloud_005.ply,0.011423374526202679,0.0008333537844009697,0.008140238001942635,0.010741404257714748,-0.0002879160747397691,0.006384298205375671,2.192180138081312
231,Scissors_005_patch_00031,005,bigpointcloud_005.ply,0.011397652328014374,0.0008397625060752034,0.008096136152744293,0.013677076436579227,-0.0004260448331478983,0.010614823549985886,3.625165903940797
232,Scissors_005_patch_00032,005,bigpointcloud_005.ply,0.011376876384019852,0.00082341895904392,0.008086062036454678,0.007425928954035044,-0.0004896344617009163,0.0035157552920281887,6.1823781579732895
233,Scissors_005_patch_00033,005,bigpointcloud_005.ply,0.011435671709477901,0.0008244229247793555,0.00814612116664648,0.012454753741621971,0.0004329049843363464,0.00863615982234478,1.1966421734541655
234,Scissors_005_patch_00034,005,bigpointcloud_005.ply,0.01140677835792303,0.0008297379827126861,0.008121388964354992,0.010559587739408016,-0.0006491629173979163,0.006155823357403278,2.6016009505838156
235,Scissors_005_patch_00035,005,bigpointcloud_005.ply,0.011413284577429295,0.0008187377825379372,0.008137393742799759,0.008209381252527237,0.00048318656627088785,0.004132448695600033,5.1397643983364105
236,Scissors_005_patch_00036,005,bigpointcloud_005.ply,0.011377636343240738,0.0008371901931241155,0.008119720965623856,0.00919011328369379,-0.0009888975182548165,0.004857576917856932,4.331447649747133
237,Scissors_005_patch_00037,005,bigpointcloud_005.ply,0.011407358571887016,0.0008164368337020278,0.008138896897435188,0.013925355859100819,-0.0010195457143709064,0.011052855290472507,4.266414791345596
238,Scissors_005_patch_00038,005,bigpointcloud_005.ply,0.011407319456338882,0.0008473159978166223,0.00813052523881197,0.009992891922593117,-0.0005723548820242286,0.0054802787490189075,3.3226311206817627
239,Scissors_005_patch_00039,005,bigpointcloud_005.ply,0.011431149207055569,0.0008354277815669775,0.00811678171157837,0.008155952207744122,-0.0011571847135201097,0.004115405958145857,5.541518796235323
240,Scissors_005_patch_00040,005,bigpointcloud_005.ply,0.011394589208066463,0.0008239035960286856,0.008118575438857079,0.012569756247103214,-0.0002479119866620749,0.009016839787364006,1.826659543439746
241,Scissors_005_patch_00041,005,bigpointcloud_005.ply,0.011394967325031757,0.0008228767546825111,0.008142251521348953,0.008214307948946953,-0.0012238792842254043,0.004176385700702667,5.480318795889616
242,Scissors_005_patch_00042,005,bigpointcloud_005.ply,0.011400260962545872,0.0008562555303797126,0.008088385686278343,0.013658147305250168,-7.61408155085519e-05,0.010575314052402973,3.486004425212741
243,Scissors_005_patch_00043,005,bigpointcloud_005.ply,0.011396556161344051,0.0008350142743438482,0.008106335066258907,0.013668503612279892,-0.000587447895668447,0.010668202303349972,3.70787107385695
244,Scissors_005_patch_00044,005,bigpointcloud_005.ply,0.011405150406062603,0.0008369331480935216,0.008128311485052109,0.008779967203736305,-0.0003078558365814388,0.004479688126593828,4.63838130235672
245,Scissors_005_patch_00045,005,bigpointcloud_005.ply,0.011418287642300129,0.0008316423045471311,0.00812831986695528,0.015186566859483719,-0.00014662877947557718,0.014454666525125504,7.428297773003578
246,Scissors_005_patch_00046,005,bigpointcloud_005.ply,0.01146167516708374,0.0008356404723599553,0.008180951699614525,0.007441715337336063,-0.001041725859977305,0.0036100384313613176,6.370073184370995
247,Scissors_005_patch_00047,005,bigpointcloud_005.ply,0.011422981508076191,0.0008434815099462867,0.008151097223162651,0.013051356188952923,-0.00027546274941414595,0.009355885908007622,2.3141209967434406
248,Scissors_005_patch_00048,005,bigpointcloud_005.ply,0.011426016688346863,0.0008335362654179335,0.008140099234879017,0.012499090284109116,-4.417810123413801e-05,0.008137986995279789,1.3863167259842157
249,Scissors_005_patch_00049,005,bigpointcloud_005.ply,0.011379283852875233,0.0008533506188541651,0.008074340410530567,0.012314345687627792,-0.001164434477686882,0.008255891501903534,2.2313131485134363
